{
  "project_info": {
    "project_number": "90655262759",
    "firebase_url": "https://mealpassapp-27e47.firebaseio.com",
    "project_id": "mealpassapp-27e47",
    "storage_bucket": "mealpassapp-27e47.appspot.com"
  },
  "client": [
    {
      "client_info": {
        "mobilesdk_app_id": "1:90655262759:android:e99c99f99641c32b4a2602",
        "android_client_info": {
          "package_name": "com.example.mealpassapp"
        }
      },
      "oauth_client": [
        {
          "client_id": "90655262759-pgaplb77o63n967jf8i1r2b8f09eks2b.apps.googleusercontent.com",
          "client_type": 3
        }
      ],
      "api_key": [
        {
          "current_key": "AIzaSyDwCv51KB8F6jPyandp5E3vkCImjRImzgw"
        }
      ],
      "services": {
        "appinvite_service": {
          "other_platform_oauth_client": [
            {
              "client_id": "90655262759-pgaplb77o63n967jf8i1r2b8f09eks2b.apps.googleusercontent.com",
              "client_type": 3
            }
          ]
        }
      }
    }
  ],
  "configuration_version": "1"
}